track,artist,album,playlist
En El Baldío,La Renga,La Esquina Del Infinito,Ambiente picado
Arte Infernal,La Renga,La Esquina Del Infinito,Ambiente picado
Voy A Bailar A La Nave Del Olvido,La Renga,Esquivando Charcos,Ambiente picado
A Tu Lado,La Renga,Detonador de Sueños,Ambiente picado
Caricias de Asfalto,La Renga,Algún Rayo,Ambiente picado
Somos Los Mismos De Siempre,La Renga,Esquivando Charcos,Ambiente picado
Veneno,La Renga,Despedazado Por Mil Partes,Ambiente picado
Caminando,Ciro y los Persas,27,Ambiente picado
Todas Quieren Rock,Guasones,Esclavo,Ambiente picado
El forastero,Guasones,Parque De Depresiones,Ambiente picado
Reyes de la Noche,Guasones,Toro Rojo,Ambiente picado
Quieren Rock,Intoxicados,Buen Dia,Ambiente picado
Señor Kioskero,Intoxicados,Otro Día en el Planeta Tierra,Ambiente picado
Desnudo Para Siempre (O Despedazado),La Renga,Despedazado Por Mil Partes,Ambiente picado
El Final Es En Donde Partí,La Renga,Despedazado Por Mil Partes,Ambiente picado
Balada Del Diablo y La Muerte,La Renga,Despedazado Por Mil Partes,Ambiente picado
Lo Frágil De La Locura,La Renga,Despedazado Por Mil Partes,Ambiente picado
La Razón Que Te Demora,La Renga,Detonador de Sueños,Ambiente picado
Panic Show,La Renga,La Esquina Del Infinito,Ambiente picado
El Revelde,La Renga,La Renga,Ambiente picado
Cuando Estés Acá,La Renga,La Renga,Ambiente picado
Corazón Fugitivo,La Renga,Pesados Vestigios,Ambiente picado
Taxi Boy,Los Piojos,3er Arco,Ambiente picado
Contra la pared,Viejas Locas,Contra la pared,Ambiente picado
Triste Canción De Amor,La Renga,A Donde Me Lleva La Vida,Ambiente picado
Let It Go (with Marc E. Bassy) - Dom Dolla Remix,Louie Vega,Let It Go (with Marc E. Bassy),Technito 
Expand - Tale of Us Remix,Plastikman,Ex Club Mixes,Technito 
Fugitives - Joseph Capriati Remix,Pan-Pot,The Other Remixes,Technito 
Dubmission,Anja Schneider,"Totally Mobilee - Anja Schneider Collection, Vol. 2",Technito 
Afterparty - Original Mix,Dale Howard,Afterparty EP,Technito 
Lady - Hear Me Tonight,Modjo,Modjo,Technito 
The End,Monolink,The End,Technito 
New Morning,Monolink,The End,Technito 
Return to Oz (ARTBAT Remix) [Edit],Monolink,Return to Oz,Technito 
Cantata de Puentes Amarillos,Pescado Rabioso,Artaud,All Time Best
Time,Pink Floyd,The Dark Side of the Moon,All Time Best
The Great Gig in the Sky,Pink Floyd,The Dark Side of the Moon,All Time Best
Wish You Were Here,Pink Floyd,Wish You Were Here,All Time Best
Comfortably Numb,Pink Floyd,The Wall,All Time Best
Canción para Mi Muerte,Sui Generis,Vida,All Time Best
Balada Del Diablo y La Muerte,La Renga,Despedazado Por Mil Partes,All Time Best
Stairway to Heaven - Remaster,Led Zeppelin,Led Zeppelin IV,All Time Best
Something About Us,Daft Punk,Discovery,All Time Best
Beautiful Escape,Tom Misch,Beat Tape 2,Groovy
It Runs Through Me,Tom Misch,Geography,Groovy
Disco Yes,Tom Misch,Geography,Groovy
Julie Mangos,Tom Misch,What Kinda Music,Groovy
Lost in Paris,Tom Misch,Geography,Groovy
Water Baby,Tom Misch,Geography,Groovy
Cos I Love You,Tom Misch,Geography,Groovy
Colours of Freedom,Tom Misch,Beat Tape 2,Groovy
Epiphany,Tom Misch,Beat Tape 1,Groovy
Money (with Tom Misch),Michael Kiwanuka,Money,Groovy
South of the River,Tom Misch,South of the River,Groovy
Day 4: Everybody Get Down,Tom Misch,5 Day Mischon,Groovy
Losing My Way,FKJ,Losing My Way,Groovy
Watch Me Dance,Tom Misch,Reverie,Groovy
Mean It In The Morning,Loyle Carner,Yesterday's Gone,Groovy
Sun Of Jean,Loyle Carner,Yesterday's Gone,Groovy
Damselfly,Loyle Carner,Yesterday's Gone,Groovy
No Worries,Loyle Carner,Yesterday's Gone,Groovy
You Don't Know,Loyle Carner,"Not Waving, But Drowning",Groovy
Easylike,CoryaYo,Young Vibes,Groovy
Oh Honey,Delegation,Oh Honey,Groovy
Crazy Dream,Tom Misch,Crazy Dream,Groovy
Add the Bassline,Jordan Rakei,Groove Curse,Groovy
PURPLE TUESDAY (feat. Joey Bada$$ & Jesse Boykins III),Rejjie Snow,The Moon & You,Groovy
Keeping Me Under,Two Another,Keeping Me Under,Groovy
Why iii Love The Moon.,Phony Ppl,Yesterday's Tomorrow,Groovy
Dang! (feat. Anderson .Paak),Mac Miller,The Divine Feminine,Groovy
Instant Need,FKJ,"TheSoundYouNeed, Vol. 1",Groovy
Navajo,Masego,Navajo,Groovy
Egyptian Luvr (feat. Aminé and Dana Williams),Rejjie Snow,Dear Annie,Groovy
David's Song - Tom Misch Remix,Poppy Ajudha,David's Song,Groovy
23,Rejjie Snow,Dear Annie,Groovy
Playing For You,Joe Hertz,Playing For You,Groovy
Bad Bad News,Leon Bridges,Good Thing,Groovy
Slow Down (feat. Jorja Smith) - Vintage Culture & Slow Motion Remix,Maverick Sabre,Slow Down (feat. Jorja Smith),Groovy
Blue Lights,Jorja Smith,Lost & Found,Groovy
What's the Use?,Mac Miller,Swimming,Groovy
Ottolenghi,Loyle Carner,"Not Waving, But Drowning",Groovy
Chances,Subculture Sage,Chances,Groovy
Blaze It up (feat. Sparkz),The Mouse Outfit,Escape Music,Groovy
Call It Love,Summers Sons,Uhuru,Groovy
Hoping You Changed,Two Another,Another Tape,Groovy
Sit Back (feat. Truthos Mufasa & Black Josh),The Mouse Outfit,Escape Music,Groovy
Uno,Rex Orange County,Uno,Groovy
Aiming Up,Two Another,Another Tape,Groovy
Make It Better (feat. Smokey Robinson),Anderson .Paak,Ventura,Groovy
Turnin' Me Up,BJ The Chicago Kid,In My Mind,Groovy
Hell N Back,Bakar,Hell N Back,Groovy
Free Room (feat. Appleby),Ravyn Lenae,Moon Shoes EP,Groovy
Redstripe Rhapsody,LAUSSE THE CAT,Redstripe Rhapsody,Groovy
Belle Bouteille,LAUSSE THE CAT,"The Girl, the Cat and the Tree",Groovy
Heart Don't Stand a Chance,Anderson .Paak,Malibu,Groovy
Put Me Thru,Anderson .Paak,Malibu,Groovy
Suede,NxWorries,Yes Lawd!,Groovy
Don't Make Me Wait (with Shaggy),Sting,44/876,Groovy
Get You (feat. Kali Uchis),Daniel Caesar,Freudian,Groovy
Them Changes,Thundercat,Drunk,Groovy
Friend Zone,Thundercat,Drunk,Groovy
Gidget,Free Nationals,Free Nationals,Groovy
Lockdown,Anderson .Paak,Lockdown,Groovy
King James,Anderson .Paak,Ventura,Groovy
Jet Black (feat. Brandy),Anderson .Paak,Ventura,Groovy
Am I Wrong (feat. ScHoolboy Q),Anderson .Paak,Malibu,Groovy
Blue World,Mac Miller,Circles,Groovy
Master Blaster (Jammin'),Stevie Wonder,Hotter Than July,Groovy
Vos No,NAFTA,Nafta,Groovy
Inspiration Information,Shuggie Otis,INSPIRATION INFORMATION,Groovy
Loose Ends,Loyle Carner,"Not Waving, But Drowning",Groovy
Blue Afternoons,MANIK MC,Midnight Express EP,Groovy
Fuccboi Lullaby,LAUSSE THE CAT,"The Girl, the Cat and the Tree",Groovy
Nightgowns,Tom Misch,Beat Tape 2,Groovy
Sunny Daze,Lord Apex,S.O.I.L.,Groovy
Coming Alive,Two Another,Another Tape,Groovy
Another Night,Two Another,Another Night,Groovy
Feeling High,The Mouse Outfit,Jagged Tooth Crook,Groovy
Fabrics,Felly,Waking up to Sirens,Groovy
Angel,Loyle Carner,"Not Waving, But Drowning",Groovy
"Good to Be Home (feat. Tom Misch, Loyle Carner & Rebel Kleff)",Barney Artist,"Good to Be Home (feat. Tom Misch, Loyle Carner & Rebel Kleff)",Groovy
Loveleen,Rejjie Snow,Rejovich,Groovy
Wake Up This Day,Tom Misch,Beat Tape 2,Groovy
Nevermind,Dennis Lloyd,Nevermind,Groovy
The Question,Mac Miller,Macadelic,Groovy
Summer Friends (feat. Jeremih & Francis & The Lights),Chance the Rapper,Coloring Book,Groovy
Trippy (feat. J. Cole),Anderson .Paak,Oxnard,Groovy
End of The niGht.,Phony Ppl,Yesterday's Tomorrow,Groovy
Morning Matters,Yazmin Lacey,Morning Matters,Groovy
Ain't Perfect,Guts,Stop the Violence,Groovy
"Ease My Mind - Feat. Tre Hardson, Fat Lip & Omni",Jazz Liberatorz,Clin D'oeil,Groovy
Cookie Chips,Rejjie Snow,Cookie Chips,Groovy
Thunderstruck,AC/DC,The Razors Edge,Box
Immigrant Song - Remaster,Led Zeppelin,Led Zeppelin III,Box
Cocaine,Eric Clapton,Slowhand 35th Anniversary,Box
Back In Black,AC/DC,Back In Black,Box
Paranoid,Black Sabbath,Paranoid,Box
White Room,Cream,Wheels Of Fire,Box
"Crossroads - Live At Winterland, San Francisco / 1968",Cream,Wheels Of Fire,Box
If I Was A Dancer (Dance Pt. 2) - Remastered,The Rolling Stones,Sucking In The Seventies,Box
Get In The Ring,Guns N' Roses,Use Your Illusion II,Box
It's So Easy,Guns N' Roses,Appetite For Destruction,Box
Nightrain,Guns N' Roses,Appetite For Destruction,Box
La Razón Que Te Demora,La Renga,Detonador de Sueños,Box
The Number of the Beast - 2015 Remaster,Iron Maiden,The Number of the Beast,Box
Kickstart My Heart,Mötley Crüe,Dr. Feelgood,Box
Welcome To The Jungle,Guns N' Roses,Appetite For Destruction,Box
Crazy Train,Ozzy Osbourne,Blizzard of Ozz (Expanded Edition),Box
T.N.T.,AC/DC,High Voltage,Box
Mr. Brownstone,Guns N' Roses,Appetite For Destruction,Box
You Could Be Mine,Guns N' Roses,Use Your Illusion II,Box
Run to the Hills - 2015 Remaster,Iron Maiden,The Number of the Beast,Box
Fake Tales Of San Francisco,Arctic Monkeys,"Whatever People Say I Am, That's What I'm Not",Box
The Trooper - 2015 Remaster,Iron Maiden,Piece of Mind,Box
Blame It on the Boogie,The Jacksons,Destiny,80s
Sing a Song,"Earth, Wind & Fire",Gratitude,80s
September,"Earth, Wind & Fire",The Eternal Dance,80s
Disco Inferno - Single Edit,The Trammps,Rhino Hi-Five: The Trammps,80s
Everybody Dance,CHIC,Chic,80s
Ladies Night - Single Version,Kool & The Gang,Celebration: The Best Of Kool & The Gang (1979-1987),80s
Rock with You - Single Version,Michael Jackson,Off the Wall,80s
Get Down Tonight - 2004 Remaster,KC & The Sunshine Band,KC & the Sunshine Band,80s
Moon Rocks - 2005 Remaster,Talking Heads,Speaking in Tongues,80s
Still in the Groove,Ray Parker Jr.,A Woman Needs Love (Expanded Edition),80s
Get Down,Gene Chandler,Funked!: Volume 3 1977-1980,80s
Fresh,Kool & The Gang,The Very Best Of Kool & The Gang,80s
I Wish,Stevie Wonder,Songs In The Key Of Life,80s
Don't Push It Don't Force It,Leon Haywood,80s Soul,80s
Try It Out,Gino Soccio,Closer,80s
"(Shake, Shake, Shake) Shake Your Booty",KC & The Sunshine Band,Part 3,80s
Hot Stuff,Donna Summer,The Dance Collection,80s
Don't Stop 'Til You Get Enough,Michael Jackson,Off the Wall,80s
Don't You Want Me,The Human League,Dare!,80s
Give It To Me Baby,Rick James,Street Songs,80s
Groovin' on a Groove,Ingram,Would You Like to Fly,80s
"She's A Bad Mama Jama (She's Built, She's Stacked)",Carl Carlton,Gold - '80s Soul,80s
You Made A Change In My Life,The Bar-Kays,Propositions,80s
Young Guns (Go for It!),Wham!,Fantastic,80s
That's the Way (I Like It) - 2004 Remaster,KC & The Sunshine Band,KC & the Sunshine Band,80s
Give It Up,KC & The Sunshine Band,The Best of KC & the Sunshine Band,80s
Can You See The Light,Brass Construction,Get Up To Get Down: Brass Construction's Funky Feeling,80s
Love Fever - Mastermix,Gayle Adams,Love Fever,80s
"Stayin' Alive - From ""Saturday Night Fever"" Soundtrack",Bee Gees,Greatest,80s
Super Freak,Rick James,Street Songs,80s
Amor Descartable,Virus,Nuestras 30 Mejores Canciones,80s
Need You Tonight,INXS,INXS Remastered,80s
Walk Right Now,The Jacksons,Triumph,80s
Celebration - Single Version,Kool & The Gang,Celebration / Morning Star,80s
Get Down On It - Single Version,Kool & The Gang,The Very Best Of Kool & The Gang,80s
Le Freak,CHIC,C'est Chic,80s
Sussudio - 2016 Remaster,Phil Collins,No Jacket Required,80s
No Me Dejan Salir,Charly García,Clics Modernos,80s
Billie Jean,Michael Jackson,Thriller 25 Super Deluxe Edition,80s
Maniac,Michael Sembello,Flashdance Original Soundtrack From The Motion Picture,80s
Cut the Cake,Average White Band,Cut The Cake,80s
I'm Your Boogie Man,KC & The Sunshine Band,Part 3,80s
Workin' Day and Night,Michael Jackson,Off the Wall,80s
Playin' With Fire,Greg Phillinganes,Pulse (Expanded Edition),80s
Dance Hall Days (Re-Recorded),Wang Chung,Best Of,80s
Smalltown Boy,Bronski Beat,The Age Of Consent,80s
I Want A New Drug,Huey Lewis & The News,Greatest Hits: Huey Lewis And The News,80s
Play That Funky Music,Wild Cherry,Wild Cherry,80s
New Sensation,INXS,INXS Remastered,80s
For Those Who Like to Groove,Ray Parker Jr.,Two Places at the Same Time (Expanded Edition),80s
Crazy Little Thing Called Love - Remastered 2011,Queen,The Game,80s
Last Train to London,Electric Light Orchestra,Discovery,80s
Too Hot To Stop (Part 1),The Bar-Kays,Greatest Hits,80s
You Make My Dreams (Come True),Daryl Hall & John Oates,Voices,80s
Beat It,Michael Jackson,Thriller 25 Super Deluxe Edition,80s
Funkytown - Single Version,Lipps Inc.,Dance #1's,80s
Rappers Delight,The Sugarhill Gang,100 Essential Soul & Funk Classics,80s
Thriller,Michael Jackson,Thriller 25 Super Deluxe Edition,80s
Never Gonna Give You Up,Rick Astley,Whenever You Need Somebody,80s
P.Y.T. (Pretty Young Thing),Michael Jackson,Thriller,80s
Good Times,CHIC,Risqué,80s
Get Down On It,Kool & The Gang,Something Special,80s
Celebration,Kool & The Gang,Celebrate!,80s
"Night Fever - From ""Saturday Night Fever"" Soundtrack",Bee Gees,Greatest,80s
"You Should Be Dancing - Edit / From ""Saturday Night Fever"" Soundtrack",Bee Gees,Children Of The World,80s
The Trooper - 2015 Remaster,Iron Maiden,Piece of Mind,Hard
The Number of the Beast - 2015 Remaster,Iron Maiden,The Number of the Beast,Hard
Invaders - 2015 Remaster,Iron Maiden,The Number of the Beast,Hard
Shout At The Devil,Mötley Crüe,Shout At The Devil,Hard
"Girls, Girls, Girls",Mötley Crüe,"Girls, Girls, Girls",Hard
Kickstart My Heart,Mötley Crüe,Dr. Feelgood,Hard
Run to the Hills - 2015 Remaster,Iron Maiden,The Number of the Beast,Hard
Crazy Train,Ozzy Osbourne,Blizzard of Ozz (Expanded Edition),Hard
Paranoid,Black Sabbath,Paranoid,Hard
Welcome To The Jungle,Guns N' Roses,Appetite For Destruction,Hard
Panama - 2015 Remaster,Van Halen,1984,Hard
Fear of the Dark - 2015 Remaster,Iron Maiden,Fear of the Dark,Hard
Hot for Teacher - 2015 Remaster,Van Halen,1984,Hard
2 Minutes to Midnight - 2015 Remaster,Iron Maiden,Powerslave,Hard
Bark at the Moon,Ozzy Osbourne,Bark At The Moon (Expanded Edition),Hard
Detroit Rock City,KISS,Double Platinum,Hard
Paradise City,Guns N' Roses,Appetite For Destruction,Hard
Thunderstruck,AC/DC,The Razors Edge,Hard
Aces High - 2015 Remaster,Iron Maiden,Powerslave,Hard
You've Got Another Thing Coming,Judas Priest,Screaming For Vengeance Special 30th Anniversary Edition,Hard
Symphony Of Destruction,Megadeth,Countdown To Extinction,Hard
Heaven's On Fire,KISS,Animalize,Hard
Mr. Crowley - 2002 Version,Ozzy Osbourne,The Ozzman Cometh,Hard
School's Out,Alice Cooper,School's Out,Hard
T.N.T.,AC/DC,High Voltage,Hard
Youth Gone Wild,Skid Row,Skid Row,Hard
Still of the Night - 2018 Remaster,Whitesnake,Whitesnake,Hard
18 and Life,Skid Row,Skid Row,Hard
Highway Star - Remastered 2012,Deep Purple,Machine Head,Hard
Wild Child,W.A.S.P.,The Last Command,Hard
Seventeen,Winger,Winger,Hard
Whole Lotta Love - 1990 Remaster,Led Zeppelin,Led Zeppelin II,Hard
Here I Go Again - 2018 Remaster,Whitesnake,Whitesnake,Hard
No More Mr. Nice Guy,Alice Cooper,Billion Dollar Babies,Hard
Princess of the Night,Saxon,Denim and Leather,Hard
Nightrain,Guns N' Roses,Appetite For Destruction,Hard
Modern Day Cowboy,Tesla,Mechanical Resonance,Hard
Don't Talk To Strangers,Dio,Holy Diver,Hard
Dude (Looks Like A Lady),Aerosmith,Permanent Vacation,Hard
It's So Easy,Guns N' Roses,Appetite For Destruction,Hard
Mr. Brownstone,Guns N' Roses,Appetite For Destruction,Hard
Dust N' Bones,Guns N' Roses,Use Your Illusion I,Hard
Dead Horse,Guns N' Roses,Use Your Illusion I,Hard
Garden Of Eden,Guns N' Roses,Use Your Illusion I,Hard
Civil War,Guns N' Roses,Use Your Illusion II,Hard
Get In The Ring,Guns N' Roses,Use Your Illusion II,Hard
Locomotive (Complicity),Guns N' Roses,Use Your Illusion II,Hard
You Could Be Mine,Guns N' Roses,Use Your Illusion II,Hard
One In A Million,Guns N' Roses,G N' R Lies,Hard
Wasting Love,Iron Maiden,Fear of the Dark,Hard
Runnin' with the Devil - 2015 Remaster,Van Halen,Van Halen,Hard
Ain't Talkin' 'Bout Love - 2015 Remaster,Van Halen,Van Halen,Hard
Perfect Strangers,Deep Purple,Knocking At Your Back Door: The Best Of Deep Purple In The 80's,Hard
Hush - 1998 Remaster,Deep Purple,Shades of Deep Purple,Hard
Burn - Remastered 2004,Deep Purple,Burn,Hard
Poison,Alice Cooper,Trash,Hard
Hallowed Be Thy Name - 2015 Remaster,Iron Maiden,The Number of the Beast,Hard
Holy Diver,Dio,Holy Diver,Hard
Gangland - 2015 Remaster,Iron Maiden,The Number of the Beast,Hard
22 Acacia Avenue - 2015 Remaster,Iron Maiden,The Number of the Beast,Hard
The Fugitive - 2015 Remaster,Iron Maiden,Fear of the Dark,Hard
The Apparition - 2015 Remaster,Iron Maiden,Fear of the Dark,Hard
Judas Be My Guide - 2015 Remaster,Iron Maiden,Fear of the Dark,Hard
Weekend Warrior - 2015 Remaster,Iron Maiden,Fear of the Dark,Hard
To Tame a Land - 2015 Remaster,Iron Maiden,Piece of Mind,Hard
Still Life - 2015 Remaster,Iron Maiden,Piece of Mind,Hard
Quest for Fire - 2015 Remaster,Iron Maiden,Piece of Mind,Hard
Rime of the Ancient Mariner - 2015 Remaster,Iron Maiden,Powerslave,Hard
The Duellists - 2015 Remaster,Iron Maiden,Powerslave,Hard
Flash of the Blade - 2015 Remaster,Iron Maiden,Powerslave,Hard
Back in the Village - 2015 Remaster,Iron Maiden,Powerslave,Hard
Another Life - 2015 Remaster,Iron Maiden,Killers,Hard
Genghis Khan - 2015 Remaster,Iron Maiden,Killers,Hard
Wrathchild - 2015 Remaster,Iron Maiden,Killers,Hard
Iron Man,Black Sabbath,Paranoid,Hard
I Remember You,Skid Row,Skid Row,Hard
The Evil That Men Do - 2015 Remaster,Iron Maiden,Seventh Son of a Seventh Son,Hard
Monkey Business,Skid Row,Slave to the Grind,Hard
The Wicker Man - 2015 Remaster,Iron Maiden,Brave New World,Hard
Shoot to Thrill,AC/DC,Back In Black,Hard
Shot In The Dark,AC/DC,POWER UP,Hard
Dirty Deeds Done Dirt Cheap,AC/DC,Dirty Deeds Done Dirt Cheap,Hard
Wasted Years - 2015 Remaster,Iron Maiden,Somewhere in Time,Hard
Breaking the Law,Judas Priest,British Steel,Hard
Never Let Me Go,Wynton Marsalis,Standard Time Vol. 3: The Resolution Of Romance,Blue
My One And Only Love,The Metropole Orchestra,Bobby Shew,Blue
Alone Together,Chet Baker,Chet,Blue
Where or When,Wynton Marsalis,Standard Time Vol. 3: The Resolution Of Romance,Blue
What'll I Do?,Chris Botti,When I Fall In Love,Blue
Love Gets Old,Chris Botti,A Thousand Kisses Deep,Blue
When I Was Your Man - Acoustic Trumpet Mix,Trumpet Man,Top 80 Acoustic Chart Hits Unplugged,Blue
When I Fall in Love,Chris Botti,When I Fall In Love,Blue
September Song,Chet Baker,'tis Autumn,Blue
Nocturne en mi bémol majeur opus 9 n°2: Ballade en Sol Mineur No.1,Frédéric Chopin,Chopin: Nocturnes (Volume 1),Blue
"Waltz in C-sharp minor, Op. 64 No. 2",Frédéric Chopin,Chopin: Works for Piano,Blue
"Nocturnes, Op. 9: No. 2 in E-Flat Major. Andante",Frédéric Chopin,Chopin: Complete Nocturnes,Blue
"Chopin: 24 Preludes Op. 28: No. 15 in D-Flat Major, ""Raindrop""",Frédéric Chopin,"Chopin : Preludes, Ballades Nos 3 & 4, Nocturnes",Blue
"Nocturne, Op. posth. in C-Sharp Minor: Lento",Frédéric Chopin,Chopin: Complete Nocturnes,Blue
"Sonata No. 14 ""Moonlight"" in C-Sharp Minor"", Op. 27 No. 2: I. Adagio sostenuto",Ludwig van Beethoven,"Beethoven: Piano Sonatas, Vol.3",Blue
"Für Elise, WoO 59",Ludwig van Beethoven,Beethoven Greatest Hits,Blue
"Piano Quintet in E-Flat Major, Op. 16 (Version for Piano Quartet): II. Andante cantabile",Ludwig van Beethoven,"Beethoven, Schumann: Piano Quartets",Blue
ベートーヴェン:ピアノ・ソナタ 第8番 ハ短調 作品13《悲愴》 - II. ADAGIO CANTABILE,Ludwig van Beethoven,ベートーヴェン:《悲愴》《月光》《熱情》,Blue
"Cello Suite No. 1 in G Major, BWV 1007: I. Prélude",Johann Sebastian Bach,"Bach: Cello Suites Nos. 1, 5 & 6",Blue
"Goldberg Variations, BWV 988: Aria",Johann Sebastian Bach,"Bach: The Goldberg Variations, BWV 988",Blue
"Orchestral Suite No. 3 in D Major, BWV 1068: II. Air ""On a G String"" (Arr. for Piano)",Johann Sebastian Bach,Gran Turismo 5 (Original Game Soundtrack),Blue
"The Well-Tempered Clavier: Book 1, BWV 846-869: Prelude and Fugue in C Major, BWV 846",Johann Sebastian Bach,"Bach, J.S.: Das Wohltemperierte Klavier I",Blue
Violin Concerto BWV 1042 in E Major: Violin Concerto BWV 1042 in E Major: I. Allegro,Johann Sebastian Bach,Bach: Violin Concertos,Blue
"The Four Seasons, Violin Concerto No. 2 in G Minor, RV 315 ""Summer"": III. Presto",Antonio Vivaldi,Sinkovsky Plays and Sings Vivaldi,Blue
"The Four Seasons - Summer in G Minor, RV. 315: III. Presto",Antonio Vivaldi,"The Four Seasons & Concertos for Bassoon and Violin ""in tromba marina""",Blue
"Nisi Dominus, RV 608: IV. Cum dederit",Antonio Vivaldi,"Vivaldi: Nisi Dominus, Stabat Mater",Blue
"Bassoon Concerto in A Minor, RV 497: I. Allegro molto",Antonio Vivaldi,"Vivaldi: Concerto per fagotto, Vol. 2",Blue
"Cello Sonata in E Minor, RV 40: III. Largo",Antonio Vivaldi,Vivaldi: Sonatas for Cello & Basso Continuo,Blue
"Concerto for Two Oboes, Strings and Continuo in D Minor, RV. 535: III. Largo",Antonio Vivaldi,Vivaldi x2,Blue
"Violin Concerto in F Minor, RV 297: II. Largo (arr. Sverre Indris Joner)",Antonio Vivaldi,Vivaldi: Seasons of Tango,Blue
"Concerto for Strings in C Minor, RV 118: II. Largo",Antonio Vivaldi,Vivaldi: Concerti per archi III e concerti per viola d'amore,Blue
"Concerto for Strings in B-Flat Major, RV 167: II. Andante",Antonio Vivaldi,Vivaldi: Concerti per archi III e concerti per viola d'amore,Blue
"Vivaldi: Violin Concerto in E Major, RV 269, No. 1, Spring: I. Allegro",Antonio Vivaldi,Vivaldi: The Four Seasons,Blue
"The Four Seasons - Violin Concerto in G Minor, Op. 8 No. 2, RV 315 ""Summer"": I. Allegro non moto",Antonio Vivaldi,Vivaldi: The Four Seasons,Blue
"Piano Concerto No. 21 in C Major, K. 467 ""Elvira Madigan"": II. Andante",Wolfgang Amadeus Mozart,"Mozart: Piano Concertos, Vol. 6",Blue
"Mozart / Arr Grieg: Piano Sonata No. 16 in C Major, K. 545: I. Allegro (Arr. Grieg for 2 Pianos) [Live]",Wolfgang Amadeus Mozart,Live from the Lugano Festival 2005,Blue
"Piano Quartet No. 1 in G Minor, K. 478: II. Andante",Wolfgang Amadeus Mozart,Mozart: Piano Quartets,Blue
"Piano Concerto In A Minor, Op.16: 2. Adagio - Live",Edvard Grieg,"Wonderland - Edvard Grieg: Piano Concerto, Lyric Pieces",Blue
"Peer Gynt Suite No. 1, Op. 46: I. Morning Mood",Edvard Grieg,Sommernachtskonzert 2015 / Summer Night Concert 2015,Blue
"Handel / Orch. Hale: Keyboard Suite in D Minor, HWV 437: III. Sarabande",George Frideric Handel,Handel Sarabande,Blue
Stefanie,James Moody,Timeless Aura,Blue
Bohemian Rhapsody,AtinPiano,Bohemian Rhapsody,Blue
"Proposal/Down the Hole - From ""Alice in Wonderland""/Score",Danny Elfman,Alice in Wonderland,Blue
"Tchaikovsky: Swan Lake, Op. 20, Act 2: No. 10, Scène (Moderato)",Pyotr Ilyich Tchaikovsky,Tchaikovsky: Swan Lake,Blue
"Liebestraume, S541/R211 : No. 3: Nocturne in A-Flat Major",Franz Liszt,Liszt: Scherzo and March / 3 Liebestraume / Berceuse,Blue
"Beethoven: Symphony No. 9 in D Minor, Op. 125 ""Choral"": II. Molto vivace - Presto",Ludwig van Beethoven,Beethoven : Symphonies Nos 1 - 9,Blue
"Hungarian Dance No. 5 in G Minor, WoO 1 No. 5 (Orch. Schmeling)",Johannes Brahms,Brahms: 21 Hungarian Dances,Blue
"Serenade for Strings in E Major, Op. 22, B. 52: II. Tempo di valse",Antonín Dvořák,"Dvořák: Serenade for Strings, Czech Suite",Blue
"An der schönen blauen Donau, Op.314",Johann Strauss II,"Strauss, J.: An der schönen blauen Donau (The Blue Danube)",Blue
Only Time,Enya,A Day Without Rain,Blue
Los Libros de la Buena Memoria,Invisible,El Jardin de los Presentes,Chill
Puente,Gustavo Cerati,Bocanada,Chill
Plegaria para un Niño Dormido,Almendra,El 1er Álbum Más los Singles,Chill
Crimen,Gustavo Cerati,Ahí Vamos,Chill
Cantata de Puentes Amarillos,Pescado Rabioso,Artaud,Chill
Cuenta en el Sol,Spinetta Y Los Socios Del Desierto,Spinetta y los Socios del Desierto,Chill
La Sed Verdadera,Pescado Rabioso,Artaud,Chill
Todas las Hojas Son del Viento,Pescado Rabioso,Artaud,Chill
Las Habladurias del Mundo,Pescado Rabioso,Artaud,Chill
Canción para Mi Muerte,Sui Generis,Vida,Chill
Bajan,Pescado Rabioso,Artaud,Chill
El Mareo,Bajofondo,Mar Dulce,Chill
Vivo,Gustavo Cerati,Siempre Es Hoy,Chill
Lago en el Cielo,Gustavo Cerati,Ahí Vamos,Chill
Muchacha Ojos de Papel (En Vivo) (with Almendra),Luis Alberto Spinetta,Spinetta y Las Bandas Eternas,Chill
Te para Tres (En Vivo) (feat. Gustavo Cerati),Luis Alberto Spinetta,Spinetta y Las Bandas Eternas,Chill
Alma De Diamante,Luis Alberto Spinetta,Elija Y Gane,Chill
Juntos a la Par,Pappo,Buscando un Amor,Chill
Adiós,Gustavo Cerati,Ahí Vamos,Chill
Encore,Red Hot Chili Peppers,The Getaway,Chill
Te Para 3 - MTV Unplugged,Soda Stereo,Comfort Y Musica Para Volar,Chill
Un Misil En Mi Placard - MTV Unplugged,Soda Stereo,Comfort Y Musica Para Volar,Chill
Something About Us,Daft Punk,Discovery,Chill
Instant Crush (feat. Julian Casablancas),Daft Punk,Random Access Memories,Chill
One,U2,Achtung Baby,Chill
Enjoy the Silence,Depeche Mode,The Singles 86-98,Chill
Polaroid De Locura Ordinaria,Fito Paez,Ey!,Chill
Seguir Viviendo Sin Tu Amor,Luis Alberto Spinetta,Peluson Of Milk,Chill
Por,Pescado Rabioso,Artaud,Chill
El Anillo del Capitán Beto,Invisible,El Jardin de los Presentes,Chill
Zoom - Remasterizado 2007,Soda Stereo,Sueño Stereo,Chill
Spaghetti del Rock,Divididos,"Narigón del Siglo, Yo Te Dejo Perfumado en la Esquina para Siempre",Chill
Durazno Sangrando,Invisible,Durazno Sangrando,Chill
Hablando a Tu Corazón,Charly García,García 87/93,Chill
Lisa,Gustavo Cerati,Amor Amarillo,Chill
Como el Viento Voy a Ver,Pescado Rabioso,Pescado Rabioso 2,Chill
El Rito - Remasterizado 2007,Soda Stereo,Signos,Chill
Me Quedo Aquí,Gustavo Cerati,Ahí Vamos,Chill
Necesito,Sui Generis,Vida,Chill
La Rubia Tarada,Sumo,Obras Cumbres,Chill
Tan Solo,Los Piojos,Chac Tu Chac,Chill
Pronta Entrega,Virus,Locura,Chill
Fue amor,Fito Paez,Tercer Mundo,Chill
Me Gusta,Ciro y los Persas,27,Chill
Heroína,Sumo,Obras Cumbres,Chill
Crua Chan,Sumo,After Chabon,Chill
Estallando Desde el Océano,Sumo,Obras Cumbres,Chill
11 Y 6,Fito Paez,Giros,Chill
Promesas Sobre El Bidet,Charly García,Piano Bar,Chill
Coming Back to Life,Pink Floyd,The Division Bell,Chill
Learning to Fly,Pink Floyd,A Momentary Lapse of Reason,Chill
One Slip,Pink Floyd,A Momentary Lapse of Reason,Chill
The Great Gig in the Sky,Pink Floyd,The Dark Side of the Moon,Chill
Us and Them,Pink Floyd,The Dark Side of the Moon,Chill
Have a Cigar,Pink Floyd,Wish You Were Here,Chill
Wish You Were Here,Pink Floyd,Wish You Were Here,Chill
Shine On You Crazy Diamond (Pts. 6-9),Pink Floyd,Wish You Were Here,Chill
Pigs on the Wing 2,Pink Floyd,Animals,Chill
Mother,Pink Floyd,The Wall,Chill
Hey You,Pink Floyd,The Wall,Chill
Summer '68,Pink Floyd,Atom Heart Mother,Chill
Comfortably Numb,Pink Floyd,The Wall,Chill
Time,Pink Floyd,The Dark Side of the Moon,Chill
Goodbye Blue Sky,Pink Floyd,The Wall,Chill
The Thin Ice,Pink Floyd,The Wall,Chill
Pigs on the Wing 1,Pink Floyd,Animals,Chill
Eclipse,Pink Floyd,The Dark Side of the Moon,Chill
Rezo por Vos (En Vivo) (feat. Charly García),Luis Alberto Spinetta,Spinetta y Las Bandas Eternas,Chill
Zona De Promesas - Remasterizado 2007,Soda Stereo,Me Verás Volver (Hits & Más),Chill
Fue - Me Verás Volver Gira 2007,Soda Stereo,Gira Me Verás Volver,Chill
Mientes,Charly García,Tango 4,Chill
Cactus,Gustavo Cerati,Fuerza Natural,Chill
Like a Stone,Audioslave,Audioslave,Chill
Desastre,Gustavo Cerati,Fuerza Natural,Chill
Rezo Por Vos,Luis Alberto Spinetta,Prive,Chill
Cementerio Club,Pescado Rabioso,Artaud,Chill
Tu Amor,Charly García,Tango 4,Chill
"Quizás, Porque",Sui Generis,Vida,Chill
El Tesoro,El Mató a un Policía Motorizado,La Sintesis O'Konor,Chill
Ain't No Sunshine,Bill Withers,Just As I Am,Chill
Lean on Me,Bill Withers,Still Bill,Chill
Todo se transforma,Jorge Drexler,Eco,Chill
Liberation - Radio Edit,Harold van Lennep,Liberation,Chill
Lovers In The Wind,Roger Hodgson,In The Eye Of The Storm,Chill
Ayer Nomás,Moris,Treinta Minutos de Vida,Chill
Escúchame Entre el Ruido,Moris,Treinta Minutos de Vida,Chill
Pato Trabaja en una Carnicería,Moris,Treinta Minutos de Vida,Chill
Shape Of My Heart,Sting,Ten Summoner's Tales,Chill
Fields Of Gold,Sting,Ten Summoner's Tales,Chill
Crime,Real Estate,Atlas,Chill
It's Probably Me,Sting,Fields Of Gold - The Best Of Sting 1984 - 1994,Chill
A Secret Place,"Grover Washington, Jr.",A Secret Place,Chill
How Insensitive (Insensatez),Antônio Carlos Jobim,Sinatra/Jobim: The Complete Reprise Recordings,Chill
Bossa & People,El Kuelgue,Beatriz,Chill
Soledad y el Mar (feat. Los Macorinos),Natalia Lafourcade,"Musas (Un Homenaje al Folclore Latinoamericano en Manos de Los Macorinos, Vol. 1)",Chill
Californication,Red Hot Chili Peppers,Californication,Felipe
Under the Bridge,Red Hot Chili Peppers,Blood Sugar Sex Magik,Felipe
Snow (Hey Oh),Red Hot Chili Peppers,Stadium Arcadium,Felipe
Otherside,Red Hot Chili Peppers,Californication,Felipe
Come Together - Remastered 2009,The Beatles,Abbey Road,Felipe
All Along the Watchtower,Jimi Hendrix,Electric Ladyland,Felipe
Little Wing,Jimi Hendrix,Axis: Bold As Love,Felipe
Purple Haze,Jimi Hendrix,Are You Experienced,Felipe
Wet Dreamz,J. Cole,2014 Forest Hills Drive,Felipe
Three Little Birds,Bob Marley & The Wailers,Exodus,Felipe
Could You Be Loved,Bob Marley & The Wailers,Uprising,Felipe
Buffalo Soldier,Bob Marley & The Wailers,Confrontation,Felipe
Africa Unite,Bob Marley & The Wailers,Survival,Felipe
Mil Horas,Los Abuelos De La Nada,Vasos Y Besos,Felipe
Cuando Pase El Temblor - Remasterizado 2007,Soda Stereo,Me Verás Volver (Hits & Más),Felipe
Nada Personal - Remasterizado 2007,Soda Stereo,Me Verás Volver (Hits & Más),Felipe
Seguir Viviendo Sin Tu Amor,Luis Alberto Spinetta,Peluson Of Milk,Felipe
Persiana Americana - Remasterizado 2007,Soda Stereo,Me Verás Volver (Hits & Más),Felipe
No Voy en Tren,Charly García,García 87/93,Felipe
Irresponsables,Babasónicos,Infame,Felipe
Polaroid De Locura Ordinaria,Fito Paez,Ey!,Felipe
De Música Ligera - Remasterizado 2007,Soda Stereo,Canción Animal,Felipe
Trátame Suavemente - Remasterizado 2007,Soda Stereo,Soda Stereo,Felipe
Persiana Americana - Remasterizado 2007,Soda Stereo,Signos,Felipe
El Farolito,Los Piojos,3er Arco,Felipe
Welcome To The Jungle,Guns N' Roses,Appetite For Destruction,Felipe
Sweet Child O' Mine,Guns N' Roses,Appetite For Destruction,Felipe
Dream On,Aerosmith,Aerosmith,Felipe
Todo Sigue Igual,Viejas Locas,Especial,Felipe
Do I Wanna Know?,Arctic Monkeys,AM,Felipe
Fluorescent Adolescent,Arctic Monkeys,Favourite Worst Nightmare,Felipe
Fake Tales Of San Francisco,Arctic Monkeys,"Whatever People Say I Am, That's What I'm Not",Felipe
Mardy Bum,Arctic Monkeys,"Whatever People Say I Am, That's What I'm Not",Felipe
From The Ritz To The Rubble,Arctic Monkeys,"Whatever People Say I Am, That's What I'm Not",Felipe
(I Can't Get No) Satisfaction - Mono Version / Remastered 2002,The Rolling Stones,Out Of Our Heads,Felipe
Start Me Up - 2009 Re-Mastered Digital Version,The Rolling Stones,Tattoo You,Felipe
Beast Of Burden - Remastered,The Rolling Stones,Some Girls,Felipe
Who Are You,The Who,Who Are You,Felipe
Whole Lotta Love - 1990 Remaster,Led Zeppelin,Led Zeppelin II,Felipe
Immigrant Song - Remaster,Led Zeppelin,Led Zeppelin III,Felipe
Cocaine,Eric Clapton,Slowhand 35th Anniversary,Felipe
"Tears in Heaven - Acoustic; Live at MTV Unplugged, Bray Film Studios, Windsor, England, UK, 1/16/1992; 2013 Remaster",Eric Clapton,Unplugged,Felipe
Feel Good Inc.,Gorillaz,Demon Days,Felipe
Clint Eastwood,Gorillaz,Gorillaz,Felipe
On Melancholy Hill,Gorillaz,Plastic Beach,Felipe
DARE,Gorillaz,Demon Days,Felipe
Back In Black,AC/DC,Back In Black,Felipe
Highway to Hell,AC/DC,Highway to Hell,Felipe
You Shook Me All Night Long,AC/DC,Back In Black,Felipe
Paranoid,Black Sabbath,Paranoid,Felipe
Enjoy the Silence,Depeche Mode,The Singles 86-98,Felipe
Personal Jesus - Single Version,Depeche Mode,The Singles 86-98,Felipe
Strangelove,Depeche Mode,"The Best of Depeche Mode, Vol. 1 (Deluxe)",Felipe
Dream On,Depeche Mode,"The Best of Depeche Mode, Vol. 1 (Deluxe)",Felipe
Martyr,Depeche Mode,"The Best of Depeche Mode, Vol. 1 (Deluxe)",Felipe
Kids,MGMT,Oracular Spectacular/Congratulations,Felipe
Time to Pretend,MGMT,Oracular Spectacular/Congratulations,Felipe
Pumped Up Kicks,Foster The People,Torches,Felipe
The Less I Know The Better,Tame Impala,Currents,Felipe
Feels Like We Only Go Backwards,Tame Impala,Lonerism,Felipe
Beautiful Day,U2,All That You Can't Leave Behind,Felipe
One,U2,Achtung Baby,Felipe
I Still Haven't Found What I'm Looking For,U2,The Joshua Tree,Felipe
Never Tear Us Apart,INXS,INXS Remastered,Felipe
New Sensation,INXS,INXS Remastered,Felipe
Need You Tonight,INXS,INXS Remastered,Felipe
Boys Don't Cry,The Cure,Three Imaginary Boys,Felipe
Lovesong - Remastered,The Cure,Disintegration,Felipe
Love Will Tear Us Apart,Joy Division,The Best Of,Felipe
Blue Monday - 2016 Remaster,New Order,Singles,Felipe
Age of Consent - 2015 Remaster,New Order,Power Corruption and Lies,Felipe
Bizarre Love Triangle,New Order,Brotherhood,Felipe
Get Lucky (feat. Pharrell Williams & Nile Rodgers) - Radio Edit,Daft Punk,Get Lucky (feat. Pharrell Williams & Nile Rodgers),Felipe
One More Time,Daft Punk,Discovery,Felipe
Get Lucky (feat. Pharrell Williams & Nile Rodgers),Daft Punk,Random Access Memories,Felipe
Instant Crush (feat. Julian Casablancas),Daft Punk,Random Access Memories,Felipe
Lose Yourself to Dance (feat. Pharrell Williams),Daft Punk,Random Access Memories,Felipe
Something About Us,Daft Punk,Discovery,Felipe
Beach In Hawaii,Ziggy Marley,Love Is My Religion,Felipe
Jamming,Bob Marley & The Wailers,Bob Marley 3CD,Felipe
"Get Up, Stand Up",The Wailers,Gold,Felipe
Chau,No Te Va Gustar,Por lo menos hoy,Felipe
One Love / People Get Ready,Bob Marley & The Wailers,Exodus,Felipe
Civil War,Guns N' Roses,Use Your Illusion II,Felipe
Sweet Home Alabama,Lynyrd Skynyrd,Lynyrd Skynyrd,Felipe
Dani California,Red Hot Chili Peppers,Stadium Arcadium,Felipe
Que Ves?,Divididos,Divididos,Felipe
Lamento Boliviano,Los Enanitos Verdes,Coleccion Aniversario,Felipe
Astros,Ciro y los Persas,27,Felipe
The Passenger,Iggy Pop,Lust For Life,Felipe
Tearing Me Up - Edit,Bob Moses,Tearing Me Up,Felipe
Mirenla,Ciro y los Persas,27,Felipe
Creo,Callejeros,Señales,Felipe
Un Misil En Mi Placard - Remasterizado 2007,Soda Stereo,Soda Stereo,Felipe
Signos - Remasterizado 2007,Soda Stereo,Me Verás Volver (Hits & Más),Felipe
Entre Caníbales - Remasterizado 2007,Soda Stereo,Canción Animal,Felipe
Un Misil En Mi Placard - MTV Unplugged,Soda Stereo,Comfort Y Musica Para Volar,Felipe
Te Para 3 - MTV Unplugged,Soda Stereo,Comfort Y Musica Para Volar,Felipe
Nos Siguen Pegando Abajo,Charly García,El Álbum,Felipe
Hotel California - 2013 Remaster,Eagles,Hotel California,Felipe
Mr. Brownstone,Guns N' Roses,Appetite For Destruction,Felipe
The Adventures of Rain Dance Maggie,Red Hot Chili Peppers,I'm with You,Felipe
Did I Let You Know,Red Hot Chili Peppers,I'm with You,Felipe
Andromeda (feat. DRAM),Gorillaz,Humanz,Felipe
19-2000,Gorillaz,Gorillaz,Felipe
Me Gustas Tu,Manu Chao,Próxima Estación: Esperanza,Felipe
Tomorrow Comes Today,Gorillaz,Gorillaz,Felipe
Sin Gamulán,Los Abuelos De La Nada,Los Abuelos De La Nada,Felipe
Rock the House,Gorillaz,Gorillaz,Felipe
Another One Bites The Dust,Queen,The Game,Felipe
Sobredosis de T.V. - Remasterizado 2007,Soda Stereo,Soda Stereo,Felipe
Gimme Tha Power,Molotov,¿Dónde Jugarán Las Niñas?,Felipe
Black Dog - Remaster,Led Zeppelin,Led Zeppelin IV,Felipe
Stairway to Heaven - Remaster,Led Zeppelin,Led Zeppelin IV,Felipe
Someday,The Strokes,Is This It,Felipe
Intro,The xx,xx,Felipe
Go Robot,Red Hot Chili Peppers,The Getaway,Felipe
Encore,Red Hot Chili Peppers,The Getaway,Felipe
The Getaway,Red Hot Chili Peppers,The Getaway,Felipe
Dark Necessities,Red Hot Chili Peppers,The Getaway,Felipe
We Turn Red,Red Hot Chili Peppers,The Getaway,Felipe
Goodbye Angels,Red Hot Chili Peppers,The Getaway,Felipe
Monarchy of Roses,Red Hot Chili Peppers,I'm with You,Felipe
Factory of Faith,Red Hot Chili Peppers,I'm with You,Felipe
Ethiopia,Red Hot Chili Peppers,I'm with You,Felipe
"Dance, Dance, Dance",Red Hot Chili Peppers,I'm with You,Felipe
Charlie,Red Hot Chili Peppers,Stadium Arcadium,Felipe
Especially in Michigan,Red Hot Chili Peppers,Stadium Arcadium,Felipe
The Zephyr Song,Red Hot Chili Peppers,By the Way,Felipe
Venice Queen,Red Hot Chili Peppers,By the Way,Felipe
Road Trippin',Red Hot Chili Peppers,Californication,Felipe
Give Life Back to Music,Daft Punk,Random Access Memories,Felipe
Beyond,Daft Punk,Random Access Memories,Felipe
Fragments of Time (feat. Todd Edwards),Daft Punk,Random Access Memories,Felipe
Doin' it Right (feat. Panda Bear),Daft Punk,Random Access Memories,Felipe
Around the World - Radio Edit [Radio Edit],Daft Punk,"Musique, Vol. 1",Felipe
Digital Love,Daft Punk,Discovery,Felipe
Dancing Shoes,Arctic Monkeys,"Whatever People Say I Am, That's What I'm Not",Felipe
Riot Van,Arctic Monkeys,"Whatever People Say I Am, That's What I'm Not",Felipe
When The Sun Goes Down,Arctic Monkeys,"Whatever People Say I Am, That's What I'm Not",Felipe
I Bet You Look Good On The Dancefloor,Arctic Monkeys,"Whatever People Say I Am, That's What I'm Not",Felipe
A Certain Romance,Arctic Monkeys,"Whatever People Say I Am, That's What I'm Not",Felipe
The Times They Are A-Changin',Bob Dylan,The Times They Are A-Changin',Felipe
True Detective: Far from Any Road (Tema Principal De La Temporada 1),Temas de Series de Televisión,True Detective: Far from Any Road (Tema Principal De La Temporada 1),Felipe
Costumbres Argentinas - Live,Los Abuelos De La Nada,Abuelos 1982 / 1987,Felipe
Neighbors,J. Cole,4 Your Eyez Only,Felipe
Just Playing (Dreams) - 2005 Remaster,The Notorious B.I.G.,Ready to Die,Felipe
Juicy - 2005 Remaster,The Notorious B.I.G.,Ready to Die,Felipe
Big Poppa - 2005 Remaster,The Notorious B.I.G.,Ready to Die,Felipe
Don't Change,INXS,Shabooh Shoobah,Felipe
Un Millón De Años Luz - Remasterizado 2007,Soda Stereo,Canción Animal,Felipe
Luna de Miel en la Mano,Virus,Los Clásicos Del Rock En Tu Idioma,Felipe
Juegos De Seducción - Remasterizado 2007,Soda Stereo,Nada Personal,Felipe
Hypnotize - 2014 Remaster,The Notorious B.I.G.,Life After Death,Felipe
Adiós,Gustavo Cerati,Ahí Vamos,Felipe
En La Ciudad De La Furia - Remasterizado 2007,Soda Stereo,Doble Vida,Felipe
Prófugos - Remasterizado 2007,Soda Stereo,Signos,Felipe
Walk This Way,Aerosmith,Toys In The Attic,Felipe
Corazón Delator - Remasterizado 2007,Soda Stereo,Me Verás Volver (Hits & Más),Felipe
Dear Mama,2Pac,Me Against The World,Felipe
Pic Nic En El 4° B - Remasterizado 2007,Soda Stereo,Doble Vida,Felipe
Virtual Insanity - Remastered,Jamiroquai,High Times - The Singles 1992 - 2006,Felipe
You Give Me Something,Jamiroquai,A Funk Odyssey,Felipe
Cosmic Girl - Remastered,Jamiroquai,Travelling Without Moving,Felipe
Cloud 9,Jamiroquai,Automaton,Felipe
Love Foolosophy - Radio Edit,Jamiroquai,A Funk Odyssey,Felipe
Superstition - Single Version,Stevie Wonder,Number Ones,Felipe
"Signed, Sealed, Delivered (I'm Yours)",Stevie Wonder,Signed Sealed And Delivered,Felipe
For Once In My Life,Stevie Wonder,For Once In My Life,Felipe
Sir Duke,Stevie Wonder,Songs In The Key Of Life,Felipe
White Room,Cream,Wheels Of Fire,Felipe
Sunshine Of Your Love,Cream,Disraeli Gears,Felipe
"Crossroads - Live At Winterland, San Francisco / 1968",Cream,Wheels Of Fire,Felipe
Sympathy For The Devil,Guns N' Roses,Greatest Hits,Felipe
Little L,Jamiroquai,A Funk Odyssey,Felipe
If I Was A Dancer (Dance Pt. 2) - Remastered,The Rolling Stones,Sucking In The Seventies,Felipe
Blues Para Mi Guitarra,Pappo's Blues,Caso Cerrado Volumen 8,Felipe
Juntos a la Par,Pappo,Buscando un Amor,Felipe
Rock and Roll y Fiebre,Pappo,Buscando un Amor,Felipe
Rezo por Vos (En Vivo) (feat. Charly García),Luis Alberto Spinetta,Spinetta y Las Bandas Eternas,Felipe
Te para Tres (En Vivo) (feat. Gustavo Cerati),Luis Alberto Spinetta,Spinetta y Las Bandas Eternas,Felipe
Ghetto Gospel,2Pac,Loyal To The Game,Felipe
Dust N' Bones,Guns N' Roses,Use Your Illusion I,Felipe
Lago en el Cielo,Gustavo Cerati,Ahí Vamos,Felipe
Vivo,Gustavo Cerati,Siempre Es Hoy,Felipe
El Mareo,Bajofondo,Mar Dulce,Felipe
Is This Love - Montmartre Remix,Bob Marley & The Wailers,Is This Love,Felipe
Check Yo Self - Remix,Ice Cube,Bootlegs And B-Sides,Felipe
Crimen,Gustavo Cerati,Ahí Vamos,Felipe
Cantata de Puentes Amarillos,Pescado Rabioso,Artaud,Felipe
Cementerio Club,Pescado Rabioso,Artaud,Felipe
Cuenta en el Sol,Spinetta Y Los Socios Del Desierto,Spinetta y los Socios del Desierto,Felipe
La Sed Verdadera,Pescado Rabioso,Artaud,Felipe
Todas las Hojas Son del Viento,Pescado Rabioso,Artaud,Felipe
Las Habladurias del Mundo,Pescado Rabioso,Artaud,Felipe
Canción para Mi Muerte,Sui Generis,Vida,Felipe
Bajan,Pescado Rabioso,Artaud,Felipe
Zoom - Remasterizado 2007,Soda Stereo,Sueño Stereo,Felipe
Hablando a Tu Corazón,Charly García,García 87/93,Felipe
Cosas Imposibles,Gustavo Cerati,Siempre Es Hoy,Felipe
Fue amor,Fito Paez,Tercer Mundo,Felipe
Mariposa tecknicolor,Fito Paez,Circo Beat,Felipe
Me Gustas Mucho,Viejas Locas,Especial,Felipe
Mejor No Hablar de Ciertas Cosas,Sumo,Obras Cumbres,Felipe
Esta Saliendo El Sol,Intoxicados,No Es Solo Rock And Roll,Felipe
Bongo Bong,Manu Chao,Clandestino,Felipe
The Real Slim Shady,Eminem,The Marshall Mathers LP,Felipe
Infamy,The Rolling Stones,A Bigger Bang,Felipe
Slippery When Wet,Commodores,The Commodores: The Definitive Collection,Felipe
"Cerebro, Orgasmo, Envidia & Sofía",Martín Buscaglia,El Evangelio Según Mi Jardinero,Felipe
Around - Solomun Vox,Noir,Around,Felipe
Blossom,Milky Chance,Blossom,Felipe
El Tesoro,El Mató a un Policía Motorizado,La Sintesis O'Konor,Felipe
Más o Menos Bien,El Mató a un Policía Motorizado,La Dinastia Scorpio,Felipe
La Noche Eterna,El Mató a un Policía Motorizado,La Sintesis O'Konor,Felipe
Inbetween Days,The Cure,The Head On The Door,Felipe
Use Me,Bill Withers,Still Bill,Felipe
Ain't No Sunshine,Bill Withers,Just As I Am,Felipe
Lovely Day,Bill Withers,Menagerie,Felipe
Like a Rolling Stone,Bob Dylan,Highway 61 Revisited,Felipe
Superfly (Album Version) (2014 Remaster),Curtis Mayfield,Superfly - Definitive Remastered Edition (2 Volume Special Edition),Felipe
Pusherman (2014 Remaster),Curtis Mayfield,Superfly - Definitive Remastered Edition (2 Volume Special Edition),Felipe
Paradise City,Guns N' Roses,Appetite For Destruction,Felipe
November Rain,Guns N' Roses,Use Your Illusion I,Felipe
Knockin' On Heaven's Door,Guns N' Roses,Use Your Illusion II,Felipe
So Fine,Guns N' Roses,Use Your Illusion II,Felipe
14 Years,Guns N' Roses,Use Your Illusion II,Felipe
Yesterdays,Guns N' Roses,Use Your Illusion II,Felipe
Get In The Ring,Guns N' Roses,Use Your Illusion II,Felipe
Don't Cry - Alternate Lyrics,Guns N' Roses,Use Your Illusion II,Felipe
Nightrain,Guns N' Roses,Appetite For Destruction,Felipe
It's So Easy,Guns N' Roses,Appetite For Destruction,Felipe
Stolen Dance,Milky Chance,Sadnecessary,Felipe
Freaky Feedback Blues,Benji Hughes,Songs in the Key of Animals,Felipe
Puente,Gustavo Cerati,Bocanada,Felipe
El Anillo del Capitán Beto,Invisible,El Jardin de los Presentes,Felipe
Como el Viento Voy a Ver,Pescado Rabioso,Pescado Rabioso 2,Felipe
Balada Del Diablo y La Muerte,La Renga,Despedazado Por Mil Partes,Felipe
A Veces Vuelvo,Catupecu Machu,El Número Imperfecto,Felipe
Me Gusta,Ciro y los Persas,27,Felipe
Estallando Desde el Océano,Sumo,Obras Cumbres,Felipe
Promesas Sobre El Bidet,Charly García,Piano Bar,Felipe
Learning to Fly,Pink Floyd,A Momentary Lapse of Reason,Felipe
Mientes,Charly García,Tango 4,Felipe
Cactus,Gustavo Cerati,Fuerza Natural,Felipe
Desastre,Gustavo Cerati,Fuerza Natural,Felipe
Tu Amor,Charly García,Tango 4,Felipe
Los Libros de la Buena Memoria,Invisible,El Jardin de los Presentes,Felipe
Por,Pescado Rabioso,Artaud,Felipe
Fue - Me Verás Volver Gira 2007,Soda Stereo,Gira Me Verás Volver,Felipe
Zona De Promesas - Remasterizado 2007,Soda Stereo,Me Verás Volver (Hits & Más),Felipe
Time,Pink Floyd,The Dark Side of the Moon,Felipe
Comfortably Numb,Pink Floyd,The Wall,Felipe
Wish You Were Here,Pink Floyd,Wish You Were Here,Felipe
Have a Cigar,Pink Floyd,Wish You Were Here,Felipe
Coming Back to Life,Pink Floyd,The Division Bell,Felipe
11 Y 6,Fito Paez,Giros,Felipe
Crua Chan,Sumo,After Chabon,Felipe
Heroína,Sumo,Obras Cumbres,Felipe
La Rubia Tarada,Sumo,Obras Cumbres,Felipe
Durazno Sangrando,Invisible,Durazno Sangrando,Felipe
Sunday Bloody Sunday - Remastered 2008,U2,War,Felipe
Vertigo,U2,How To Dismantle An Atomic Bomb,Felipe
Sometimes You Can't Make It On Your Own,U2,How To Dismantle An Atomic Bomb,Felipe
City Of Blinding Lights,U2,How To Dismantle An Atomic Bomb,Felipe
A Man And A Woman,U2,How To Dismantle An Atomic Bomb,Felipe
Elevation,U2,All That You Can't Leave Behind,Felipe
Again,Lenny Kravitz,Again,Felipe
Mysterious Ways,U2,Achtung Baby,Felipe
Crazy,Seal,Seal,Felipe
Crazy,Gnarls Barkley,St. Elsewhere,Felipe
Yellow Ledbetter,Pearl Jam,Jeremy,Felipe
Wild Horses - 2009 Mix,The Rolling Stones,Sticky Fingers,Felipe
The One I Love - Remastered,R.E.M.,Document - 25th Anniversary Edition,Felipe
Staring At The Sun,U2,Pop,Felipe
Miss You - Remastered,The Rolling Stones,Some Girls,Felipe
You Could Be Mine,Guns N' Roses,Use Your Illusion II,Felipe
Fiebre (Fever),Sumo,Obras Cumbres,Felipe
Ladders,Mac Miller,Swimming,Felipe
I Saw Her Standing There - Remastered 2009,The Beatles,Please Please Me,Felipe
There's A Place - Remastered 2009,The Beatles,Please Please Me,Felipe
Hey Jude - Remastered 2015,The Beatles,1,Felipe
Stefanie,James Moody,Timeless Aura,Felipe
Love Me Do - Remastered 2009,The Beatles,Please Please Me,Felipe
Corcovado,Stan Getz,Getz/Gilberto,Felipe
Plegaria para un Niño Dormido,Almendra,El 1er Álbum Más los Singles,Felipe
Wet Sand,Red Hot Chili Peppers,Stadium Arcadium,Felipe
Don't Stop 'Til You Get Enough,Michael Jackson,Off the Wall,Felipe
Beat It,Michael Jackson,Thriller 25 Super Deluxe Edition,Felipe
Billie Jean,Michael Jackson,Thriller 25 Super Deluxe Edition,Felipe
Gimme Shelter,The Rolling Stones,Let It Bleed,Felipe
Paint It Black,The Rolling Stones,Aftermath,Felipe
Sympathy For The Devil,The Rolling Stones,Beggars Banquet,Felipe
I Can't Quit You Baby,The Rolling Stones,Blue & Lonesome,Felipe
It Won't Take Long - Remastered,The Rolling Stones,A Bigger Bang,Felipe
Streets Of Love - Remastered 2009,The Rolling Stones,A Bigger Bang,Felipe
She Saw Me Coming - Remastered,The Rolling Stones,A Bigger Bang,Felipe
Infamy - Remastered,The Rolling Stones,A Bigger Bang,Felipe
Driving Too Fast - Remastered,The Rolling Stones,A Bigger Bang,Felipe
Waiting On A Friend - Remastered,The Rolling Stones,Tattoo You,Felipe
Cherry Oh Baby - Remastered,The Rolling Stones,Black And Blue,Felipe
Melody - Remastered,The Rolling Stones,Black And Blue,Felipe
Crazy Mama - Remastered,The Rolling Stones,Black And Blue,Felipe
Till The Next Goodbye - Remastered,The Rolling Stones,It's Only Rock 'N' Roll,Felipe
Time Waits For No One - Remastered,The Rolling Stones,It's Only Rock 'N' Roll,Felipe
If You Really Want To Be My Friend - Remastered,The Rolling Stones,It's Only Rock 'N' Roll,Felipe
Oh Honey,Delegation,Oh Honey,Felipe
Shelter Jazz,the Drumlord,Sons of the City,Felipe
You Dont Need Me,Granata,You Dont Need Me,Felipe
Nobody's Perfect,Anti Lilly,It's Nice Outside,Felipe
Easylike,CoryaYo,Young Vibes,Felipe
If You Have to Ask,Red Hot Chili Peppers,Blood Sugar Sex Magik,Felipe
The Rock That Killed Goliath,Al Tanner,Street Sounds From The Bay Area: Music City Funk & Soul Grooves 1971-75,Felipe
Ai Mi Morena - Club Des Belugas Remix,Mo' Horizons,Nine,Felipe
Trapped By Love,Manu Chao,Próxima Estación: Esperanza,Felipe
Copperpot,Filet of Soul,Incommunicado,Felipe
Damselfly,Loyle Carner,Yesterday's Gone,Felipe
Sticky July,Butcher Brown,All Purpose Music,Felipe
April Come She Will,Simon & Garfunkel,Sounds Of Silence,Felipe
Dirty Work,Steely Dan,Can't Buy A Thrill,Felipe
All My Love - Remaster,Led Zeppelin,In Through the out Door,Felipe
I Wish,Stevie Wonder,Songs In The Key Of Life,Felipe
Green Onions,Booker T. & the M.G.'s,Green Onions,Felipe
Smalltown Boy,Bronski Beat,The Age Of Consent,Felipe
Sexual Healing,Marvin Gaye,Midnight Love,Felipe
Coming Up - Remastered 2011,Paul McCartney,McCartney II,Felipe
Lovers Leap,Bim Sherman,Tribulation: Down in Jamdown 1974-1979,Felipe
Foley Part 2,David Holmes,Out Of Sight,Felipe
Eureka,Babe Rainbow,Double Rainbow,Felipe
Pick up the Pieces,Average White Band,Average White Band,Felipe
Freaking Out the Neighborhood,Mac DeMarco,2,Felipe
Rock with You - Single Version,Michael Jackson,Off the Wall,Felipe
"Hello, Goodbye - Remastered 2015",The Beatles,1,Felipe
Shine A Light,The Rolling Stones,Exile On Main Street,Felipe
Ramblin' Man,Allman Brothers Band,Brothers And Sisters,Felipe
Castles Made of Sand,Jimi Hendrix,Axis: Bold As Love,Felipe
Angie,The Rolling Stones,Goats Head Soup,Felipe
"Rocket Man (I Think It's Going To Be A Long, Long Time)",Elton John,Honky Chateau,Felipe
Tiny Dancer,Elton John,Madman Across The Water,Felipe
Memory Motel - Remastered,The Rolling Stones,Black And Blue,Felipe
Superchería,Pescado Rabioso,Artaud,Felipe
Grow,Anti Lilly,It's Nice Outside,Felipe
Pasos Al Costado,Turf,Para Mi Para Vos,Felipe
Huracanes,Los Espíritus,Agua Ardiente,Felipe
Just the Two of Us (feat. Bill Withers),"Grover Washington, Jr.",Anthology,Felipe
Jugo,Los Espíritus,Agua Ardiente,Felipe
Mirando Me Está Miranda,Liquen,Liquen,Felipe
Eye In The Sky,The Alan Parsons Project,Eye In The Sky (Expanded Edition),Felipe
"Come On, Come Over",Jaco Pastorius,Jaco Pastorius,Felipe
Perdida en el Fuego,Los Espíritus,Agua Ardiente,Felipe
Baby I'm Yours (feat. Irfane),Breakbot,By Your Side,Felipe
Pomán,Morbo y Mambo,Muta,Felipe
Take Me Out,Franz Ferdinand,Franz Ferdinand,Felipe
Ventilator Blues,The Rolling Stones,Exile On Main Street,Felipe
Sweet Virginia,The Rolling Stones,Exile On Main Street,Felipe
Tumbling Dice,The Rolling Stones,Exile On Main Street,Felipe
Shake Your Hips,The Rolling Stones,Exile On Main Street,Felipe
Movimiento,Jorge Drexler,Salvavidas de hielo,Felipe
Come On To Me,Paul McCartney,Egypt Station,Felipe
Get Back - Remastered 2009,The Beatles,Let It Be,Felipe
Only A Fool Would Say That,Steely Dan,Can't Buy A Thrill,Felipe
Elementales Leches,Invisible,Obras Cumbres Pescado Rabioso - Invisible,Felipe
Coming Down Again - Remastered,The Rolling Stones,Goats Head Soup,Felipe
Los Viejos Vinagres,Sumo,Obras Cumbres,Felipe
I Shot The Sheriff,Eric Clapton,461 Ocean Blvd.,Felipe
Out Of Control,The Rolling Stones,Bridges To Babylon,Felipe
Day Tripper - Remastered 2015,The Beatles,1,Felipe
Fanky,Charly García,García 87/93,Felipe
La trama y el desenlace,Jorge Drexler,Amar la trama,Felipe
Todo se transforma,Jorge Drexler,Eco,Felipe
Silencio,Jorge Drexler,Salvavidas de hielo,Felipe
El pianista del gueto de Varsovia,Jorge Drexler,Sea,Felipe
Universos paralelos (feat. Ana Tijoux),Jorge Drexler,Bailar en la cueva,Felipe
Flaca,Andrés Calamaro,Alta Suciedad,Felipe
Liberation - Radio Edit,Harold van Lennep,Liberation,Felipe
You Rock My World - Radio Edit,Michael Jackson,Number Ones,Felipe
Thriller - 2003 Edit,Michael Jackson,Number Ones,Felipe
Perdonado (Niño Condenado),Invisible,El Jardin de los Presentes,Felipe
Dios de Adolescencia,Invisible,Durazno Sangrando,Felipe
Amenábar,Spinetta Jade,Alma de Diamante,Felipe
Nos Veremos Otra Vez,Serú Girán,Seru Giran 92,Felipe
Voy a Mil,Serú Girán,Colección Rock Nacional,Felipe
Sirius - Chicago Bulls Theme Song,The Alan Parsons Project,Eye In The Sky (Expanded Edition),Felipe
Games People Play,The Alan Parsons Project,The Turn Of A Friendly Card (Expanded Edition),Felipe
Holdin' on to Yesterday,Ambrosia,Ambrosia,Felipe
I'm a King Bee,Pink Floyd,1965-67 Cambridge St/ation,Felipe
If You,Willy Crook,Big Bombo Mamma,Felipe
Without Me,Eminem,The Eminem Show,Felipe
Escúchame Entre el Ruido,Moris,Treinta Minutos de Vida,Felipe
Ayer Nomás,Moris,Treinta Minutos de Vida,Felipe
El Oso,Moris,Treinta Minutos de Vida,Felipe
Music,The Werks,Mr. Smalls Sessions,Felipe
Under Pressure - Remastered 2011,Queen,Hot Space,Felipe
Monkey Man,The Rolling Stones,Let It Bleed,Felipe
Dead Flowers - 2009 Mix,The Rolling Stones,Sticky Fingers,Felipe
Emotional Rescue - Remastered 2009,The Rolling Stones,Emotional Rescue,Felipe
She's So Cold - Remastered,The Rolling Stones,Emotional Rescue,Felipe
You Can't Always Get What You Want,The Rolling Stones,Let It Bleed,Felipe
In My Life - Remastered 2009,The Beatles,Rubber Soul,Felipe
While My Guitar Gently Weeps - Remastered 2009,The Beatles,The Beatles,Felipe
"Big Love - Live at Warner Brothers Studios in Burbank, CA 5/23/97",Fleetwood Mac,The Dance,Felipe
Promesas Sobre El Bidet,Charly García,Piano Bar,Felipe
Telefonía,Jorge Drexler,Salvavidas de hielo,Felipe
Raros Peinados Nuevos,Charly García,Piano Bar,Felipe
Lunes Por La Madrugada,Los Abuelos De La Nada,Himno De Mi Corazon,Felipe
Happy Together - Remastered,The Turtles,All the Singles,Felipe
La Crecida,Los Espiritus,Gratitud,Felipe
Tráeme la Noche (Bring on the Night) (with Andy Summers),Gustavo Cerati,Tráeme la Noche (Bring on the Night) (with Andy Summers),Felipe
Quimera,Jorge Drexler,Salvavidas de hielo,Felipe
Agua Marfil,Usted Señalemelo,Usted Señalemelo,Felipe
Big Bang,Usted Señalemelo,II,Felipe
Hypnotize,Solomun,Dance Baby,Felipe
La Balsa,Los Gatos,Los Gatos,Felipe
Crime,Real Estate,Atlas,Felipe
Demoliendo Hoteles,Charly García,Piano Bar,Felipe
Tan Solo,Los Piojos,Chac Tu Chac,Felipe
Loco,Andrés Calamaro,Alta Suciedad,Felipe
Pronta Entrega,Virus,Locura,Felipe
Patience,Guns N' Roses,G N' R Lies,Felipe
One In A Million,Guns N' Roses,G N' R Lies,Felipe
An American Prayer,Jim Morrison,An American Prayer,Felipe
Dragon Attack - Remastered 2011,Queen,The Game,Felipe
Sin Disfraz,Virus,Locura,Felipe
Hold the Line,TOTO,Toto,Felipe
Rosanna,TOTO,Toto IV,Felipe
Street Jazz,Awon,Sleep Is the Cousin of Death,Felipe
It's Nice Outside,Anti Lilly,It's Nice Outside,Felipe
Riders on the Storm,The Doors,L.A. Woman,Felipe
Money,Pink Floyd,The Dark Side of the Moon,Felipe
Pigs on the Wing 1,Pink Floyd,Animals,Felipe
"Another Brick in the Wall, Pt. 2",Pink Floyd,The Wall,Felipe
Young Lust,Pink Floyd,The Wall,Felipe
"Another Brick in the Wall, Pt. 3",Pink Floyd,The Wall,Felipe
Hey You,Pink Floyd,The Wall,Felipe
Fat Old Sun,Pink Floyd,Atom Heart Mother,Felipe
One Slip,Pink Floyd,A Momentary Lapse of Reason,Felipe
The Thin Ice,Pink Floyd,The Wall,Felipe
"Another Brick in the Wall, Pt. 1",Pink Floyd,The Wall,Felipe
Mother,Pink Floyd,The Wall,Felipe
One of My Turns,Pink Floyd,The Wall,Felipe
The Show Must Go On,Pink Floyd,The Wall,Felipe
Pigs on the Wing 2,Pink Floyd,Animals,Felipe
Brain Damage,Pink Floyd,The Dark Side of the Moon,Felipe
The Great Gig in the Sky,Pink Floyd,The Dark Side of the Moon,Felipe
Blame It on the Boogie,The Jacksons,Destiny,Felipe
Amor Descartable,Virus,Nuestras 30 Mejores Canciones,Felipe
Sussudio - 2016 Remaster,Phil Collins,No Jacket Required,Felipe
No Me Dejan Salir,Charly García,Clics Modernos,Felipe
Buscando un Símbolo de Paz,Charly García,Parte De La Religion,Felipe
Clin D'oeil,Jazz Liberatorz,Clin D'oeil,Felipe
Eleanor Rigby - Remastered,The Beatles,Revolver,Felipe
Here Comes The Sun - Remastered 2009,The Beatles,Abbey Road,Felipe
Before You Accuse Me,Eric Clapton,Journeyman,Felipe
They Call Me The Breeze,Eric Clapton,Eric Clapton & Friends: The Breeze - An Appreciation Of JJ Cale,Felipe
Someday,Eric Clapton,Eric Clapton & Friends: The Breeze - An Appreciation Of JJ Cale,Felipe
Magnolia,Eric Clapton,Eric Clapton & Friends: The Breeze - An Appreciation Of JJ Cale,Felipe
It's Probably Me,Sting,Fields Of Gold - The Best Of Sting 1984 - 1994,Felipe
Three O'Clock Blues,Eric Clapton,Riding With The King,Felipe
I Don't Want You on My Mind,Bill Withers,Still Bill,Felipe
Easy Lover,Philip Bailey,Chinese Wall,Felipe
Fields Of Gold,Sting,Ten Summoner's Tales,Felipe
Burning,The Whitest Boy Alive,Dreams,Felipe
So Lonely,The Police,Outlandos D'Amour,Felipe
Message In A Bottle,The Police,Reggatta De Blanc,Felipe
Walking On The Moon,The Police,Reggatta De Blanc,Felipe
Roxanne,The Police,Outlandos D'Amour,Felipe
Every Breath You Take,The Police,Synchronicity,Felipe
Bobby Brown Goes Down,Frank Zappa,ZAPPAtite - Frank Zappa's Tastiest Tracks,Felipe
Crazy Little Thing Called Love - Remastered 2011,Queen,The Game,Felipe
Shape Of My Heart,Sting,Ten Summoner's Tales,Felipe
Cool Cat - Remastered 2011,Queen,Hot Space,Felipe
My Sweet Lord - Remastered 2014,George Harrison,All Things Must Pass,Felipe
Bring On The Night,The Police,Reggatta De Blanc,Felipe
Inflation,The Whitest Boy Alive,Dreams,Felipe
Passionfruit,Drake,More Life,Felipe
Kids with Guns,Gorillaz,Demon Days,Felipe
No Diggity,Blackstreet,Hip Hop - Universal Masters,Felipe
In The Air Tonight,Phil Collins,...Hits,Felipe
Like A Rolling Stone - Edit,The Rolling Stones,The Rolling Stones Singles Box Set (1971-2006),Felipe
Riptide,Vance Joy,Dream Your Life Away,Felipe
Santeria,Sublime,Sublime,Felipe
Soul Sacrifice,Santana,Santana,Felipe
Evil Ways,Santana,Santana,Felipe
Oye Como Va,Santana,Abraxas,Felipe
Black Magic Woman - Single Version,Santana,Santana's Greatest Hits,Felipe
Paraísos Quemados,Santana,Africa Speaks,Felipe
Samba Pa Ti,Santana,Abraxas,Felipe
Toco Y Me Voy,Bersuit Vergarabat,Hijos Del Culo,Felipe
Zafar,La Vela Puerca,A Contraluz,Felipe
Bicho de Ciudad,Los Piojos,Civilización,Felipe
Como Alí,Los Piojos,Máquina de Sangre,Felipe
Muerte En Hawaii,Calle 13,Entren Los Que Quieran,Felipe
Arde la ciudad,Mancha De Rolando,Caballo Loco,Felipe
The Fresh Prince of Bel-Air,DJ Jazzy Jeff & The Fresh Prince,Greatest Hits,Felipe
Jazz Funk,Militantes del Climax,Climax,Felipe
Plata O Plomo,Colayuta,The House Band - EP,Felipe
No Rain,Blind Melon,Blind Melon,Felipe
Change,Blind Melon,Blind Melon,Felipe
Tones Of Home,Blind Melon,Blind Melon,Felipe
Hit Hot,Militantes del Climax,Climax,Felipe
I've Got a Woman,Ray Charles,"Ray Charles (aka: Hallelujah, I Love Her So)",Felipe
Maradona Caniggia,Militantes del Climax,Climax,Felipe
A Kind Of Magic - Remastered 2011,Queen,A Kind Of Magic,Felipe
Una Vela,Intoxicados,No Es Solo Rock And Roll,Felipe
Giorgio by Moroder,Daft Punk,Random Access Memories,Felipe
Wonderful Tonight,Eric Clapton,Slowhand 35th Anniversary,Felipe
Alta suciedad,Andrés Calamaro,Alta Suciedad,Felipe
Sultans Of Swing,Dire Straits,Dire Straits,Felipe
Money For Nothing,Dire Straits,Brothers In Arms,Felipe
Es gratis - Acústico,Arnau Griso,Es gratis,Felipe
In The Gallery,Dire Straits,Dire Straits,Felipe
Va A Escampar,La Vela Puerca,A Contraluz,Felipe
La Razón Que Te Demora,La Renga,Detonador de Sueños,Felipe
Dang! (feat. Anderson .Paak),Mac Miller,The Divine Feminine,Felipe
Is This Love,Bob Marley & The Wailers,Kaya,Felipe
You Won't See Me - Remastered 2009,The Beatles,Rubber Soul,Felipe
Ahora Te Puedes Marchar,Luis Miguel,Soy Como Quiero Ser,Felipe
Don't Stop Me Now - Remastered 2011,Queen,Jazz,Felipe
Corazon Espinado (feat. Mana),Santana,Supernatural,Felipe
Cheques,Spinetta Y Los Socios Del Desierto,Spinetta y los Socios del Desierto,Felipe
Rappers Delight,The Sugarhill Gang,100 Essential Soul & Funk Classics,Felipe
Bad Bad News,Leon Bridges,Good Thing,Felipe
Ghost Ship,Blur,The Magic Whip,Felipe
When I'm Sixty Four - Remastered 2009,The Beatles,Sgt. Pepper's Lonely Hearts Club Band,Felipe
Parque Acuático,El Kuelgue,Parque Acuático,Felipe
Hard to Concentrate,Red Hot Chili Peppers,Stadium Arcadium,Felipe
Slow Cheetah,Red Hot Chili Peppers,Stadium Arcadium,Felipe
Fortunate Son,Creedence Clearwater Revival,Willy And The Poor Boys,Felipe
Woman's Gotta Have It,Bobby Womack,Midnight Mover: The Bobby Womack Story,Felipe
Across 110th Street,Bobby Womack,Midnight Mover: The Bobby Womack Story,Felipe
"Valerie - Live At BBC Radio 1 Live Lounge, London / 2007",Amy Winehouse,Back To Black,Felipe
Peace Frog,The Doors,Morrison Hotel,Felipe
Dos en la ciudad,Fito Paez,Abre,Felipe
Oh! Sweet Nuthin' - 2015 Remaster,The Velvet Underground,Loaded: Re-Loaded 45th Anniversary Edition,Felipe
Eminence Front,The Who,It's Hard,Felipe
Blinding Lights,The Weeknd,After Hours,Felipe
Waiting In Vain,Bob Marley & The Wailers,Legend,Felipe
Have You Ever Seen The Rain,Creedence Clearwater Revival,Pendulum,Felipe
Black Dog - Remaster,Led Zeppelin,Mothership,Felipe
Bad Moon Rising,Creedence Clearwater Revival,Green River,Felipe
Inconsciente Colectivo,Charly García,Pubis Angelical / Yendo De La Cama Al Living,Felipe
Walk On the Wild Side,Lou Reed,Transformer,Felipe
Jamming,Bob Marley & The Wailers,Exodus,Felipe
Natural Mystic,Bob Marley & The Wailers,Exodus 40,Felipe
One Way Street,Aerosmith,Aerosmith,Felipe
Behind Blue Eyes,The Who,Who's Next,Felipe
Pinball Wizard,The Who,Tommy,Felipe
Baba O'Riley,The Who,Who's Next,Felipe
The Seeker - Edit,The Who,"Meaty, Beaty, Big And Bouncy",Felipe
I Feel Free,Cream,Fresh Cream,Felipe
Strange Brew,Cream,Disraeli Gears,Felipe
Badge,Cream,Goodbye,Felipe
Psycho Killer - Acoustic,Talking Heads,Talking Heads '77,Felipe
Hola Frank,Sumo,After Chabon,Felipe
Don't Let Me Down - Remastered 2009,The Beatles,The Beatles 1967 - 1970,Felipe
A Day In The Life - Remastered 2009,The Beatles,Sgt. Pepper's Lonely Hearts Club Band,Felipe
Aeroplane,Red Hot Chili Peppers,One Hot Minute,Felipe
The Ghost Song,Jim Morrison,An American Prayer,Felipe
No Tan Distintos,Sumo,After Chabon,Felipe
Pink as Floyd,Red Hot Chili Peppers,Pink as Floyd / Your Eyes Girl,Felipe
I'm Losing You - Remastered 2010,John Lennon,Double Fantasy Stripped Down,Felipe
Suedehead - 2011 Remaster,Morrissey,Viva Hate,Felipe
I Heard It Through The Grapevine - Edit,Creedence Clearwater Revival,Creedence Clearwater Revival - Best Of,Felipe
Big in Japan - 2019 Remaster,Alphaville,Forever Young,Felipe
Caminando,Ciro y los Persas,27,Felipe
Taxi Boy,Los Piojos,3er Arco,Felipe
Lady - Hear Me Tonight,Modjo,Modjo,Felipe
Jugo de Tomate,Manal,Manal,Felipe
Under My Thumb,The Rolling Stones,Aftermath,Felipe
Disco Eterno - Remasterizado 2007,Soda Stereo,Sueño Stereo,Felipe
Psycho Killer - 2005 Remaster,Talking Heads,Talking Heads '77,Felipe
This Must Be the Place (Naive Melody) - 2005 Remaster,Talking Heads,Speaking in Tongues,Felipe
A Horse with No Name,America,America,Felipe
Rain Fall Down - Remastered 2009,The Rolling Stones,A Bigger Bang,Felipe
Do It Again,Steely Dan,Can't Buy A Thrill,Felipe
Nunca quise,Intoxicados,Otro Día en el Planeta Tierra,Felipe
Young Folks,Peter Bjorn and John,Writer's Block,Felipe
Brown Sugar - 2009 Mix,The Rolling Stones,Sticky Fingers,Felipe
Poles Apart,Pink Floyd,The Division Bell,Pink Floyd
What Do You Want from Me,Pink Floyd,The Division Bell,Pink Floyd
Coming Back to Life,Pink Floyd,The Division Bell,Pink Floyd
High Hopes,Pink Floyd,The Division Bell,Pink Floyd
Cluster One,Pink Floyd,The Division Bell,Pink Floyd
Astronomy Domine,Pink Floyd,The Piper at the Gates of Dawn,Pink Floyd
Interstellar Overdrive,Pink Floyd,The Piper at the Gates of Dawn,Pink Floyd
Learning to Fly,Pink Floyd,A Momentary Lapse of Reason,Pink Floyd
The Dogs of War,Pink Floyd,A Momentary Lapse of Reason,Pink Floyd
One Slip,Pink Floyd,A Momentary Lapse of Reason,Pink Floyd
On the Turning Away,Pink Floyd,A Momentary Lapse of Reason,Pink Floyd
Sorrow,Pink Floyd,A Momentary Lapse of Reason,Pink Floyd
Obscured by Clouds,Pink Floyd,Obscured by Clouds,Pink Floyd
Burning Bridges,Pink Floyd,Obscured by Clouds,Pink Floyd
Mudmen,Pink Floyd,Obscured by Clouds,Pink Floyd
Wot's...Uh the Deal,Pink Floyd,Obscured by Clouds,Pink Floyd
The Final Cut,Pink Floyd,The Final Cut,Pink Floyd
Time,Pink Floyd,The Dark Side of the Moon,Pink Floyd
The Great Gig in the Sky,Pink Floyd,The Dark Side of the Moon,Pink Floyd
Money,Pink Floyd,The Dark Side of the Moon,Pink Floyd
Us and Them,Pink Floyd,The Dark Side of the Moon,Pink Floyd
Brain Damage,Pink Floyd,The Dark Side of the Moon,Pink Floyd
Any Colour You Like,Pink Floyd,The Dark Side of the Moon,Pink Floyd
Eclipse,Pink Floyd,The Dark Side of the Moon,Pink Floyd
Welcome to the Machine,Pink Floyd,Wish You Were Here,Pink Floyd
Have a Cigar,Pink Floyd,Wish You Were Here,Pink Floyd
Wish You Were Here,Pink Floyd,Wish You Were Here,Pink Floyd
Shine On You Crazy Diamond (Pts. 6-9),Pink Floyd,Wish You Were Here,Pink Floyd
Pigs on the Wing 2,Pink Floyd,Animals,Pink Floyd
Pigs (Three Different Ones),Pink Floyd,Animals,Pink Floyd
Pigs on the Wing 1,Pink Floyd,Animals,Pink Floyd
The Thin Ice,Pink Floyd,The Wall,Pink Floyd
"Another Brick in the Wall, Pt. 1",Pink Floyd,The Wall,Pink Floyd
The Happiest Days of Our Lives,Pink Floyd,The Wall,Pink Floyd
"Another Brick in the Wall, Pt. 2",Pink Floyd,The Wall,Pink Floyd
Mother,Pink Floyd,The Wall,Pink Floyd
Goodbye Blue Sky,Pink Floyd,The Wall,Pink Floyd
Young Lust,Pink Floyd,The Wall,Pink Floyd
One of My Turns,Pink Floyd,The Wall,Pink Floyd
"Another Brick in the Wall, Pt. 3",Pink Floyd,The Wall,Pink Floyd
Hey You,Pink Floyd,The Wall,Pink Floyd
Nobody Home,Pink Floyd,The Wall,Pink Floyd
Comfortably Numb,Pink Floyd,The Wall,Pink Floyd
The Show Must Go On,Pink Floyd,The Wall,Pink Floyd
Run Like Hell,Pink Floyd,The Wall,Pink Floyd
Waiting for the Worms,Pink Floyd,The Wall,Pink Floyd
Stop,Pink Floyd,The Wall,Pink Floyd
Echoes,Pink Floyd,Meddle,Pink Floyd
Fearless,Pink Floyd,Meddle,Pink Floyd
Seamus,Pink Floyd,Meddle,Pink Floyd
If,Pink Floyd,Atom Heart Mother,Pink Floyd
Summer '68,Pink Floyd,Atom Heart Mother,Pink Floyd
Fat Old Sun,Pink Floyd,Atom Heart Mother,Pink Floyd
Lucifer Sam,Pink Floyd,The Piper at the Gates of Dawn,Pink Floyd
Chapter 24,Pink Floyd,The Piper at the Gates of Dawn,Pink Floyd
Breathe (In the Air),Pink Floyd,The Dark Side of the Moon,Pink Floyd
Goodbye Cruel World,Pink Floyd,The Wall,Pink Floyd
Is There Anybody Out There?,Pink Floyd,The Wall,Pink Floyd
In the Flesh,Pink Floyd,The Wall,Pink Floyd
Shine On You Crazy Diamond (Pts. 1-5),Pink Floyd,Wish You Were Here,Pink Floyd
Us and Them,Pink Floyd,The Dark Side of the Moon,Pink Floyd
San Tropez,Pink Floyd,Meddle,Pink Floyd
